source_name,destination_name,avg_distance_km,avg_time_min,trip_count,route_types
Asifabad_PaikjNGR_D (Telangana),Karimnagar_KamnHbRD_I (Telangana),105.09421789326124,242.28571428571428,7,FTL
Asifabad_PaikjNGR_D (Telangana),Mancherial_Hitech_D (Telangana),53.164903414407384,75.5,2,FTL
Banswada_Menagrdn_D (Telangana),Yellareddy_JKRoad_D (Telangana),25.350276679365084,41.95,20,FTL
Bellmpalli_BasthDPP_D (Telangana),Asifabad_PaikjNGR_D (Telangana),36.5433240951985,84.0,2,FTL
Bellmpalli_BasthDPP_D (Telangana),Kaghaznagar_Central_DPP_1 (Telangana),32.09045181055206,52.333333333333336,3,FTL
Bhadrachalam_ITDARd_D (Telangana),Manuguru_AskNagar_D (Telangana),29.457011704798227,53.94736842105263,19,FTL
Bhadrachalam_ITDARd_D (Telangana),Sathupally_VidyaNGR_D (Telangana),51.38248775863705,141.0,1,FTL
Bhupalpally_JwahrNGR_D (Telangana),Mahadevpur_Kataram_D (Telangana),22.5002814886222,34.0,1,FTL
Bhuvanagiri_HBColny_D (Telangana),Mothkur_Mainroad_D (Telangana),38.983469891957064,47.714285714285715,14,FTL
Bhuvanagiri_HBColny_D (Telangana),Thirumalagiri_Xroad_D (Telangana),60.06108980370035,90.0,1,FTL
Bijnapally_nagar_D (Telangana),Jadcherla_Badeplly_D (Telangana),27.0583187449067,38.78947368421053,19,FTL
Bodhan_SuryaDPP_D (Telangana),Banswada_Menagrdn_D (Telangana),28.847683279652433,43.0,19,FTL
Chinnur_AsnsdhRD_D (Telangana),Karimnagar_KamnHbRD_I (Telangana),81.41808795963196,156.0,1,FTL
Chinnur_AsnsdhRD_D (Telangana),Manthani_Chaitnya_D (Telangana),24.692447000529974,86.6,5,FTL
Choutuppal_Nagaram_D (Telangana),Miryalguda_Ragvendr_D (Telangana),79.6966963554094,110.66666666666667,6,FTL
Devarakonda_DindiRD_D (Telangana),Haliya_PeroorRD_D (Telangana),44.10241512508034,59.8,15,FTL
DhrmpuriTS_HanumDPP_D (Telangana),Karimnagar_KamnHbRD_I (Telangana),56.94962936873068,117.0,1,FTL
DhrmpuriTS_HanumDPP_D (Telangana),Luxettipet_ShivaDPP_D (Telangana),15.000648498677483,41.0,1,FTL
Ghanpur_Palakrty_D (Telangana),Jangaon_Hanmkond_D (Telangana),24.100109637671366,29.8125,16,FTL
Ghatkesar_Central_D_1 (Telangana),Hyderabad_Uppal_I (Telangana),11.57230124348198,41.0,2,Carting
Haliya_PeroorRD_D (Telangana),Hyderabad_Shamshbd_H (Telangana),109.88837609167767,240.0,12,FTL
Husnabad_Greenmkt_D (Telangana),Jammikunta_ConduDPP_D (Telangana),31.715374694178404,78.0,13,FTL
Hyd_Chandanagar_Dc (Telangana),Sangareddy_Pothredy_D (Telangana),24.884534628110803,45.0,4,Carting
Hyd_LB-Nagar_Dc (Telangana),Hyderabad_Uppal_I (Telangana),10.30948050246579,33.0,1,Carting
Hyd_Trimulgherry_Dc (Telangana),Hyderabad_Alwal_I (Telangana),9.18717239229196,44.0,1,Carting
Hyd_Trimulgherry_Dc (Telangana),Medchal_MROoffce_D (Telangana),16.434391229452366,35.0,1,Carting
Hyd_Uppal_Dc (Telangana),Ghatkesar_Central_D_1 (Telangana),12.493257745495171,21.0,2,Carting
Hyderabad_Alwal_I (Telangana),Hyd_Trimulgherry_Dc (Telangana),9.11092270452614,31.0,1,Carting
Hyderabad_Alwal_I (Telangana),Hyderabad_Shamshbd_H (Telangana),35.322390024918356,193.33333333333334,9,Carting
Hyderabad_Alwal_I (Telangana),Medchal_MROoffce_D (Telangana),9.50101372105903,57.0,1,Carting
Hyderabad_Alwal_L (Telangana),Hyderabad_Shamshbd_H (Telangana),35.69564140778872,102.07692307692308,39,Carting
Hyderabad_Bownplly_C (Telangana),Hyderabad_Shamshbd_P (Telangana),26.96544355953307,202.63636363636363,11,Carting
Hyderabad_Chikdply_C (Telangana),Hyderabad_Shamshbd_P (Telangana),21.83557851561085,73.8125,32,Carting
Hyderabad_Chikdply_I (Telangana),Hyderabad_Shamshbd_H (Telangana),21.77643858507266,68.65,20,Carting
Hyderabad_Mhdiptnm_C (Telangana),Hyderabad_Shamshbd_P (Telangana),16.548425186590702,54.0625,16,Carting
Hyderabad_North_D_2 (Telangana),Medchal_MROoffce_D (Telangana),14.112839998687763,27.941176470588236,17,Carting
Hyderabad_PndrgNgr_DC (Telangana),Hyderabad_Chikdply_I (Telangana),9.29087990516049,61.25,4,Carting
Hyderabad_Shamshbd_H (Telangana),Choutuppal_Nagaram_D (Telangana),54.450495882280485,104.71428571428571,7,FTL
Hyderabad_Shamshbd_H (Telangana),Hyderabad_Alwal_I (Telangana),34.73597396425652,80.75,12,Carting
Hyderabad_Shamshbd_H (Telangana),Hyderabad_Alwal_L (Telangana),35.67826112015963,128.96969696969697,33,Carting
Hyderabad_Shamshbd_H (Telangana),Hyderabad_Chikdply_I (Telangana),21.463486427490142,58.833333333333336,24,Carting
Hyderabad_Shamshbd_H (Telangana),Hyderabad_Tolichwk_I (Telangana),17.815107747603662,39.68421052631579,19,Carting
Hyderabad_Shamshbd_H (Telangana),Hyderabad_Uppal_I (Telangana),27.430423238921428,63.6,10,Carting
Hyderabad_Shamshbd_H (Telangana),Hyderabad_Uppal_L (Telangana),27.01501476093613,77.83333333333333,6,Carting
Hyderabad_Shamshbd_H (Telangana),Kadthal_GndhiDPP_D (Telangana),29.27066207628166,52.294117647058826,17,FTL
Hyderabad_Shamshbd_H (Telangana),Kamareddy_Devenply_I (Telangana),120.59120275115782,183.0,2,FTL
Hyderabad_Shamshbd_H (Telangana),Karimnagar_KamnHbRD_I (Telangana),155.2332008628609,222.0,2,FTL
Hyderabad_Shamshbd_H (Telangana),Mahabubnagar_DC (Telangana),66.78872972925996,94.0,17,FTL
Hyderabad_Shamshbd_H (Telangana),Patancheru_Ameenpur_I (Telangana),29.300080268235035,60.22222222222222,18,Carting
Hyderabad_Shamshbd_H (Telangana),Shamshabad_Lngrguda_D (Telangana),18.201387429922843,122.0,1,Carting
Hyderabad_Shamshbd_H (Telangana),Tandur_SnthiNGR_D (Telangana),84.77611944133704,150.375,8,Carting
Hyderabad_Shamshbd_H (Telangana),Warangal_HunterRd_I (Telangana),150.25113849240714,223.25,16,FTL
Hyderabad_South_D_4 (Telangana),Hyderabad_Uppal_I (Telangana),14.70570838190364,56.89473684210526,19,Carting
Hyderabad_South_R_11 (Telangana),Hyderabad_Mhdiptnm_C (Telangana),16.45340694579684,65.9090909090909,11,Carting
Hyderabad_Tolichwk_I (Telangana),Hyderabad_Kondapur_D (Telangana),9.33539944717219,52.0,1,Carting
Hyderabad_Tolichwk_I (Telangana),Hyderabad_Shamshbd_H (Telangana),17.705948355232717,150.46153846153845,13,Carting
Hyderabad_Tolichwk_L (Telangana),Hyderabad_Shamshbd_H (Telangana),17.040572627438735,113.66666666666667,6,Carting
Hyderabad_Uppal_I (Telangana),Bhuvanagiri_HBColny_D (Telangana),33.851299237720916,65.38461538461539,13,FTL
Hyderabad_Uppal_I (Telangana),Hyd_LB-Nagar_Dc (Telangana),9.864476800165345,38.5,2,Carting
Hyderabad_Uppal_I (Telangana),Hyderabad_Shamshbd_H (Telangana),26.808461863457975,172.26666666666668,15,Carting
Hyderabad_Uppal_I (Telangana),Hyderabad_South_D_12 (Telangana),9.34399351496303,38.875,8,Carting
Hyderabad_Uppal_L (Telangana),Hyderabad_Shamshbd_H (Telangana),27.175024476426245,89.75,8,Carting
Jadcherla_Badeplly_D (Telangana),Hyderabad_Shamshbd_H (Telangana),58.52111334619552,92.28571428571429,14,FTL
Jadcherla_Badeplly_D (Telangana),Shadnagar_Central_D_1 (Telangana),31.359132295969808,53.6,5,FTL
Jagtial_Aravind_D (Telangana),DhrmpuriTS_HanumDPP_D (Telangana),23.41704290630322,32.166666666666664,12,FTL
Jammikunta_ConduDPP_D (Telangana),Warangal_HunterRd_I (Telangana),35.72885532434958,167.1875,16,FTL
Jangaon_Hanmkond_D (Telangana),Hyderabad_Shamshbd_H (Telangana),97.87700688262416,196.75,16,FTL
JoguGadwal_ColctrOf_D (Telangana),Wanaparthy_VallaDPP_D (Telangana),30.21532942036044,77.33333333333333,9,FTL
Kadthal_GndhiDPP_D (Telangana),Devarakonda_DindiRD_D (Telangana),54.649391227494604,132.375,8,FTL
Kadthal_GndhiDPP_D (Telangana),Kalwakurthy_VidyaNGR_D (Telangana),34.872567489404176,58.111111111111114,9,FTL
Kaghaznagar_Central_DPP_1 (Telangana),Asifabad_PaikjNGR_D (Telangana),19.173898824504505,33.0,2,FTL
Kaghaznagar_Central_DPP_1 (Telangana),Karimnagar_KamnHbRD_I (Telangana),109.03195757112496,200.0,1,FTL
Kaghaznagar_Central_DPP_1 (Telangana),Mancherial_Hitech_D (Telangana),52.112239418402766,76.0,1,FTL
Kalwakurthy_VidyaNGR_D (Telangana),Devarakonda_DindiRD_D (Telangana),43.65025795104085,75.375,8,FTL
Kamareddy_Devenply_I (Telangana),Bodhan_SuryaDPP_D (Telangana),59.25970224824529,111.6,20,FTL
Kamareddy_Devenply_I (Telangana),Hyderabad_Shamshbd_H (Telangana),120.5599667454678,252.07692307692307,13,FTL
Kamareddy_Devenply_I (Telangana),Karimnagar_KamnHbRD_I (Telangana),85.26531025390285,125.0,1,FTL
Karimnagar_DC (Telangana),Jagtial_Aravind_D (Telangana),43.62873799696725,69.0,1,FTL
Karimnagar_DC (Telangana),Vemulawada_Central_DPP_2 (Telangana),28.108649696652954,53.44444444444444,9,FTL
Karimnagar_KamnHbRD_I (Telangana),Bellmpalli_BasthDPP_D (Telangana),81.28434504711451,184.0,1,FTL
Karimnagar_KamnHbRD_I (Telangana),Hyderabad_Shamshbd_H (Telangana),153.84449067070992,340.0,1,FTL
Karimnagar_KamnHbRD_I (Telangana),Kamareddy_Devenply_I (Telangana),86.04642235363696,125.5,2,FTL
Karimnagar_KamnHbRD_I (Telangana),Mancherial_Hitech_D (Telangana),60.397476334498585,101.0,11,FTL
Karimnagar_KamnHbRD_I (Telangana),Manthani_Chaitnya_D (Telangana),62.313931432964864,158.0,3,FTL
Karimnagar_KamnHbRD_I (Telangana),Peddapalli_UdaynDPP_D (Telangana),31.161735178846413,41.0,1,FTL
Karimnagar_KamnHbRD_I (Telangana),Ramagundam_Pdmavati_D (Telangana),53.74652993298617,136.28571428571428,7,FTL
Karimnagar_KamnHbRD_I (Telangana),Vemulawada_Central_DPP_2 (Telangana),28.61459438939075,56.75,4,FTL
Khammam_NSTRoad_I (Telangana),Kodad_VidyaNgr_D (Telangana),35.20537859052258,76.58333333333333,12,FTL
Khammam_NSTRoad_I (Telangana),Kusumnchi_SKRoad_D (Telangana),20.34973409982966,35.333333333333336,3,FTL
Khammam_NSTRoad_I (Telangana),Manuguru_AskNagar_D (Telangana),102.59248568430392,162.0,1,FTL
Khammam_NSTRoad_I (Telangana),Miryalguda_Ragvendr_D (Telangana),77.10858681716303,129.0,2,FTL
Khammam_NSTRoad_I (Telangana),Nalgonda_HydRoad_DC (Telangana),96.72693943026611,205.0,1,FTL
Khammam_NSTRoad_I (Telangana),Suryapet_Krishna_D (Telangana),57.88433056716913,81.35714285714286,14,FTL
Khammam_NSTRoad_I (Telangana),Tallada_PtrlBunk_D (Telangana),27.28866647391935,61.77777777777778,9,FTL
Khanpur_Nrsampt_D (Telangana),Mahbubabad_Yellanda_D (Telangana),38.107266568828166,65.36842105263158,19,FTL
Kodad_VidyaNgr_D (Telangana),Khammam_NSTRoad_I (Telangana),33.7628673141883,54.5,2,FTL
Kodad_VidyaNgr_D (Telangana),Kusumnchi_SKRoad_D (Telangana),24.211526178578936,51.25,12,FTL
Kodad_VidyaNgr_D (Telangana),Miryalguda_Ragvendr_D (Telangana),44.39915487018335,75.25,4,FTL
Koratla_BhemuDPP_D (Telangana),DhrmpuriTS_HanumDPP_D (Telangana),40.09685787271648,99.0,1,FTL
Kusumnchi_SKRoad_D (Telangana),Khammam_NSTRoad_I (Telangana),21.394208640981894,179.4,10,FTL
Kusumnchi_SKRoad_D (Telangana),Kodad_VidyaNgr_D (Telangana),23.869006387018803,43.4,5,FTL
Luxettipet_ShivaDPP_D (Telangana),Karimnagar_KamnHbRD_I (Telangana),52.812265664023116,126.4,15,FTL
Mahabubnagar_DC (Telangana),Bijnapally_nagar_D (Telangana),31.274903495609113,53.1578947368421,19,FTL
Mahadevpur_Kataram_D (Telangana),Parkal_AmbedDPP_D (Telangana),52.74389312851972,89.0,1,FTL
Mahbubabad_Yellanda_D (Telangana),Yellandu_Sudimala_D (Telangana),35.20291508909166,45.38461538461539,13,FTL
Mancherial_Hitech_D (Telangana),Bellmpalli_BasthDPP_D (Telangana),20.997233684805742,34.0,1,FTL
Mancherial_Hitech_D (Telangana),Karimnagar_KamnHbRD_I (Telangana),60.16133924948644,143.66666666666666,6,FTL
Manthani_Chaitnya_D (Telangana),Karimnagar_KamnHbRD_I (Telangana),61.42089410958417,143.88888888888889,9,FTL
Manthani_Chaitnya_D (Telangana),Ramagundam_Pdmavati_D (Telangana),18.907720518184796,41.0,2,FTL
Manuguru_AskNagar_D (Telangana),Sathupally_VidyaNGR_D (Telangana),79.98204633699405,198.55555555555554,18,FTL
Medak_Dwaraka_D (Telangana),Narsapur_Xroad_D (Telangana),31.815051588654388,51.10526315789474,19,FTL
Medchal_MROoffce_D (Telangana),Hyderabad_Alwal_I (Telangana),9.510166632514116,103.85714285714286,14,Carting
Metpally_GunjRDPP_D (Telangana),Jagtial_Aravind_D (Telangana),26.015099233795137,31.0,6,FTL
Miryalguda_Ragvendr_D (Telangana),Khammam_NSTRoad_I (Telangana),76.93688373988795,202.0,5,FTL
Miryalguda_Ragvendr_D (Telangana),Kodad_VidyaNgr_D (Telangana),44.2620110335472,92.0,1,FTL
Mothkur_Mainroad_D (Telangana),Thirumalagiri_Xroad_D (Telangana),20.555597071296333,36.09090909090909,11,FTL
Mulugu_LaxmiNGR_D (Telangana),Bhupalpally_JwahrNGR_D (Telangana),28.040467529840157,56.0,2,FTL
Nalgonda_HydRoad_DC (Telangana),Hyderabad_Shamshbd_H (Telangana),93.94583268458749,156.85714285714286,14,FTL
Narayankhed_Datatrya_D (Telangana),Zahirabad_Mohim_D (Telangana),43.142170391359166,102.36363636363636,22,FTL
Narsapur_Xroad_D (Telangana),Kamareddy_Devenply_I (Telangana),64.4720200053063,108.0,6,FTL
Patancheru_Ameenpur_I (Telangana),Hyderabad_Shamshbd_H (Telangana),29.17604408270342,124.0952380952381,21,Carting
Patancheru_Ameenpur_I (Telangana),Shamshabad_Lngrguda_D (Telangana),28.107149061550892,147.0,5,Carting
Ramagundam_Pdmavati_D (Telangana),Chinnur_AsnsdhRD_D (Telangana),30.676848537245597,53.0,5,FTL
Ramagundam_Pdmavati_D (Telangana),Karimnagar_KamnHbRD_I (Telangana),53.76070635297176,127.0,3,FTL
Rayaparthi_Perkadrd_D (Telangana),Warangal_HunterRd_I (Telangana),30.699776508444042,134.875,16,FTL
Sangareddy_Pothredy_D (Telangana),Patancheru_Ameenpur_I (Telangana),27.290361960150307,50.0,2,Carting
Sathupally_VidyaNGR_D (Telangana),Khammam_NSTRoad_I (Telangana),70.94093870341246,155.83333333333334,18,FTL
Shadnagar_Central_D_1 (Telangana),Hyderabad_Shamshbd_H (Telangana),26.59270481703949,53.5,12,Carting|FTL
Suryapet_Krishna_D (Telangana),Nalgonda_HydRoad_DC (Telangana),38.49219002570982,72.0,14,FTL
Tandur_SnthiNGR_D (Telangana),Vikarabad_Central_DPP_2 (Telangana),34.259117292653904,66.6,5,Carting
Thirumalagiri_Xroad_D (Telangana),Hyderabad_Uppal_I (Telangana),94.00415717206228,165.07142857142858,14,FTL
Vemulawada_Central_DPP_2 (Telangana),Jagtial_Aravind_D (Telangana),33.7629131579794,84.0,1,FTL
Vemulawada_Central_DPP_2 (Telangana),Metpally_GunjRDPP_D (Telangana),46.72604147636612,72.4,5,FTL
Vikarabad_Central_DPP_2 (Telangana),Hyderabad_Shamshbd_H (Telangana),51.10451463578045,108.0,1,Carting
Vikarabad_Central_DPP_2 (Telangana),Shadnagar_Central_D_1 (Telangana),41.60475818436182,75.8,5,Carting
Warangal_Central_D_2 (Telangana),Husnabad_Greenmkt_D (Telangana),37.89257078180388,56.46153846153846,13,FTL
Warangal_Central_D_2 (Telangana),Jammikunta_ConduDPP_D (Telangana),30.265613813046173,70.0,2,FTL
Warangal_HunterRd_I (Telangana),Ghanpur_Palakrty_D (Telangana),25.825236758503596,42.529411764705884,17,FTL
Warangal_HunterRd_I (Telangana),Khanpur_Nrsampt_D (Telangana),32.02408349876125,45.7,20,FTL
Warangal_HunterRd_I (Telangana),Mulugu_LaxmiNGR_D (Telangana),43.00577958576092,56.5,2,FTL
Yellandu_Sudimala_D (Telangana),Rayaparthi_Perkadrd_D (Telangana),78.82502689925848,149.41666666666666,12,FTL
Yellareddy_JKRoad_D (Telangana),Medak_Dwaraka_D (Telangana),30.589121506740018,61.78947368421053,19,FTL
Zahirabad_Mohim_D (Telangana),Hyderabad_Shamshbd_H (Telangana),96.07130227029035,171.04545454545453,22,FTL
