hub_name,city,facility_code,hub_type,state,latitude,longitude
Asifabad_PaikjNGR_D (Telangana),Asifabad,PaikjNGR,Delivery,Telangana,19.35278403365173,79.28816613876016
Banswada_Menagrdn_D (Telangana),Banswada,Menagrdn,Delivery,Telangana,18.380192651289835,77.88843055714125
Bellmpalli_BasthDPP_D (Telangana),Bellmpalli,BasthDPP,Delivery,Telangana,19.074176456360547,79.47139354494158
Bhadrachalam_ITDARd_D (Telangana),Bhadrachalam,ITDARd,Delivery,Telangana,17.677271001337143,80.88719522983091
Bhupalpally_JwahrNGR_D (Telangana),Bhupalpally,JwahrNGR,Delivery,Telangana,18.42906317167448,79.87334865856482
Bhuvanagiri_HBColny_D (Telangana),Bhuvanagiri,HBColny,Delivery,Telangana,17.520226093975523,78.9011005322842
Bijnapally_nagar_D (Telangana),Bijnapally,nagar,Delivery,Telangana,16.561822129541696,78.20198957894284
Bodhan_SuryaDPP_D (Telangana),Bodhan,SuryaDPP,Delivery,Telangana,18.64460408882242,77.88118795782175
Chinnur_AsnsdhRD_D (Telangana),Chinnur,AsnsdhRD,Delivery,Telangana,18.85643475593788,79.79821933894183
Choutuppal_Nagaram_D (Telangana),Choutuppal,Nagaram,Delivery,Telangana,17.25627435669288,78.88703241203167
Devarakonda_DindiRD_D (Telangana),Devarakonda,DindiRD,Delivery,Telangana,16.699013909686588,78.89877755427752
DhrmpuriTS_HanumDPP_D (Telangana),DhrmpuriTS,HanumDPP,Delivery,Telangana,18.94129328249807,79.10374627853591
Ghanpur_Palakrty_D (Telangana),Ghanpur,Palakrty,Delivery,Telangana,18.32276324250147,79.86907225059049
Ghatkesar_Central_D_1 (Telangana),Ghatkesar,Central,Delivery,Telangana,17.46024082441883,78.69033757517472
Haliya_PeroorRD_D (Telangana),Haliya,PeroorRD,Delivery,Telangana,16.790665044459466,79.30817359359797
Husnabad_Greenmkt_D (Telangana),Husnabad,Greenmkt,Delivery,Telangana,18.13272585805759,79.19495189098062
Hyd_Chandanagar_Dc (Telangana),Hyd,Chandanagar,Distribution Center,Telangana,17.34136681821619,78.46960862560402
Hyd_LB-Nagar_Dc (Telangana),Hyd,LB-Nagar,Distribution Center,Telangana,17.34937342725625,78.48478948438236
Hyd_Trimulgherry_Dc (Telangana),Hyd,Trimulgherry,Distribution Center,Telangana,17.368333170212672,78.45984903604958
Hyd_Uppal_Dc (Telangana),Hyd,Uppal,Distribution Center,Telangana,17.37077318597574,78.46201612108783
Hyderabad_Alwal_I (Telangana),Hyderabad,Alwal,Intermediate,Telangana,17.35764423561074,78.46402620025776
Hyderabad_Alwal_L (Telangana),Hyderabad,Alwal,Unknown,Telangana,17.362373813611693,78.48683105224661
Hyderabad_Bownplly_C (Telangana),Hyderabad,Bownplly,Collection,Telangana,17.371399782233578,78.47998619024773
Hyderabad_Chikdply_C (Telangana),Hyderabad,Chikdply,Collection,Telangana,17.370880554155843,78.48163794609718
Hyderabad_Chikdply_I (Telangana),Hyderabad,Chikdply,Intermediate,Telangana,17.351607313559594,78.46378482218115
Hyderabad_Kondapur_D (Telangana),Hyderabad,Kondapur,Delivery,Telangana,17.352299334693313,78.482868806733
Hyderabad_Mhdiptnm_C (Telangana),Hyderabad,Mhdiptnm,Collection,Telangana,17.358526993522165,78.49331775939669
Hyderabad_North_D_2 (Telangana),Hyderabad,North,Delivery,Telangana,17.35097079346834,78.46116089836075
Hyderabad_PndrgNgr_DC (Telangana),Hyderabad,PndrgNgr,Distribution Center,Telangana,17.368810513848466,78.48927296192034
Hyderabad_Shamshbd_H (Telangana),Hyderabad,Shamshbd,Hub,Telangana,17.36772982370641,78.48586377297703
Hyderabad_Shamshbd_P (Telangana),Hyderabad,Shamshbd,Unknown,Telangana,17.3769534785343,78.4729825212773
Hyderabad_South_D_12 (Telangana),Hyderabad,South,Delivery,Telangana,17.344809883262112,78.46816113115192
Hyderabad_South_D_4 (Telangana),Hyderabad,South,Delivery,Telangana,17.370372443513638,78.45923895870058
Hyderabad_South_R_11 (Telangana),Hyderabad,South,Unknown,Telangana,17.36194378569906,78.48429299815116
Hyderabad_Tolichwk_I (Telangana),Hyderabad,Tolichwk,Intermediate,Telangana,17.355521094990422,78.48568167140868
Hyderabad_Tolichwk_L (Telangana),Hyderabad,Tolichwk,Unknown,Telangana,17.365304515824825,78.49290947567596
Hyderabad_Uppal_I (Telangana),Hyderabad,Uppal,Intermediate,Telangana,17.36996471476187,78.46484534830036
Hyderabad_Uppal_L (Telangana),Hyderabad,Uppal,Unknown,Telangana,17.35277622981908,78.46249672208181
Jadcherla_Badeplly_D (Telangana),Jadcherla,Badeplly,Delivery,Telangana,16.782451690868132,78.1302608758202
Jagtial_Aravind_D (Telangana),Jagtial,Aravind,Delivery,Telangana,18.82019516486256,78.9274781291185
Jammikunta_ConduDPP_D (Telangana),Jammikunta,ConduDPP,Delivery,Telangana,18.27803291803855,79.46919488543207
Jangaon_Hanmkond_D (Telangana),Jangaon,Hanmkond,Delivery,Telangana,17.730223865747845,79.23110362133492
JoguGadwal_ColctrOf_D (Telangana),JoguGadwal,ColctrOf,Delivery,Telangana,16.22516255391841,77.80280409369476
Kadthal_GndhiDPP_D (Telangana),Kadthal,GndhiDPP,Delivery,Telangana,19.062193156275747,78.3528688603199
Kaghaznagar_Central_DPP_1 (Telangana),Kaghaznagar,Central,Unknown,Telangana,19.363972292073715,79.49336145631315
Kalwakurthy_VidyaNGR_D (Telangana),Kalwakurthy,VidyaNGR,Delivery,Telangana,16.6846941264902,78.49841896157186
Kamareddy_Devenply_I (Telangana),Kamareddy,Devenply,Intermediate,Telangana,18.320267429269844,78.04021068033718
Karimnagar_DC (Telangana),Karimnagar,,Distribution Center,Telangana,18.447542290877305,79.13817374109215
Karimnagar_KamnHbRD_I (Telangana),Karimnagar,KamnHbRD,Intermediate,Telangana,18.450098802962064,79.13243159039331
Khammam_NSTRoad_I (Telangana),Khammam,NSTRoad,Intermediate,Telangana,17.264836507038044,80.14666977225352
Khanpur_Nrsampt_D (Telangana),Khanpur,Nrsampt,Delivery,Telangana,19.51475956612027,78.81178040749589
Kodad_VidyaNgr_D (Telangana),Kodad,VidyaNgr,Delivery,Telangana,16.9883859252832,79.96100615443964
Koratla_BhemuDPP_D (Telangana),Koratla,BhemuDPP,Delivery,Telangana,19.66096647374832,78.54385300782202
Kusumnchi_SKRoad_D (Telangana),Kusumnchi,SKRoad,Delivery,Telangana,17.237265339215767,79.97615291674748
Luxettipet_ShivaDPP_D (Telangana),Luxettipet,ShivaDPP,Delivery,Telangana,19.37782414420973,78.77662975479656
Mahabubnagar_DC (Telangana),Mahabubnagar,,Distribution Center,Telangana,16.70554985744098,77.95022909471699
Mahadevpur_Kataram_D (Telangana),Mahadevpur,Kataram,Delivery,Telangana,18.71778486111877,79.98525509439324
Mahbubabad_Yellanda_D (Telangana),Mahbubabad,Yellanda,Delivery,Telangana,17.611705637857657,79.9901617811523
Mancherial_Hitech_D (Telangana),Mancherial,Hitech,Delivery,Telangana,18.97638462110728,79.5354456808908
Manthani_Chaitnya_D (Telangana),Manthani,Chaitnya,Delivery,Telangana,18.64231675982335,79.65848015407266
Manuguru_AskNagar_D (Telangana),Manuguru,AskNagar,Delivery,Telangana,17.93955302424917,80.80264544561099
Medak_Dwaraka_D (Telangana),Medak,Dwaraka,Delivery,Telangana,17.94024726010293,78.19668834347144
Medchal_MROoffce_D (Telangana),Medchal,MROoffce,Delivery,Telangana,17.64723437508252,78.48436218118583
Metpally_GunjRDPP_D (Telangana),Metpally,GunjRDPP,Delivery,Telangana,18.20278061658922,78.90547546538458
Miryalguda_Ragvendr_D (Telangana),Miryalguda,Ragvendr,Delivery,Telangana,16.88348884402452,79.54360376433385
Mothkur_Mainroad_D (Telangana),Mothkur,Mainroad,Delivery,Telangana,17.424092522363765,79.27416536589165
Mulugu_LaxmiNGR_D (Telangana),Mulugu,LaxmiNGR,Delivery,Telangana,18.328559667078622,80.33237736667553
Nalgonda_HydRoad_DC (Telangana),Nalgonda,HydRoad,Distribution Center,Telangana,17.06319997948369,79.2745402578994
Narayankhed_Datatrya_D (Telangana),Narayankhed,Datatrya,Delivery,Telangana,18.05075940030932,77.78471406605965
Narsapur_Xroad_D (Telangana),Narsapur,Xroad,Delivery,Telangana,17.7395213928978,78.26840888559927
Parkal_AmbedDPP_D (Telangana),Parkal,AmbedDPP,Delivery,Telangana,18.183019893199486,79.70345736455334
Patancheru_Ameenpur_I (Telangana),Patancheru,Ameenpur,Intermediate,Telangana,17.526840452219922,78.2860660030113
Peddapalli_UdaynDPP_D (Telangana),Peddapalli,UdaynDPP,Delivery,Telangana,18.609921001541903,79.5006444929805
Ramagundam_Pdmavati_D (Telangana),Ramagundam,Pdmavati,Delivery,Telangana,18.744740915280186,79.4745567859353
Rayaparthi_Perkadrd_D (Telangana),Rayaparthi,Perkadrd,Delivery,Telangana,17.706415196354843,79.61871035251701
Sangareddy_Pothredy_D (Telangana),Sangareddy,Pothredy,Delivery,Telangana,17.884925318496858,77.82221613640688
Sathupally_VidyaNGR_D (Telangana),Sathupally,VidyaNGR,Delivery,Telangana,17.197388630261894,80.84024890645638
Shadnagar_Central_D_1 (Telangana),Shadnagar,Central,Delivery,Telangana,17.076044785089426,78.21303459242776
Shamshabad_Lngrguda_D (Telangana),Shamshabad,Lngrguda,Delivery,Telangana,17.25279574030558,78.40670623323768
Suryapet_Krishna_D (Telangana),Suryapet,Krishna,Delivery,Telangana,17.081534510491586,79.804640055392
Tallada_PtrlBunk_D (Telangana),Tallada,PtrlBunk,Delivery,Telangana,17.23289683939785,80.426988453078
Tandur_SnthiNGR_D (Telangana),Tandur,SnthiNGR,Delivery,Telangana,17.253450162581466,77.60301395576455
Thirumalagiri_Xroad_D (Telangana),Thirumalagiri,Xroad,Delivery,Telangana,16.86333328174087,77.8778289868708
Vemulawada_Central_DPP_2 (Telangana),Vemulawada,Central,Unknown,Telangana,18.468735303042603,78.88654239706014
Vikarabad_Central_DPP_2 (Telangana),Vikarabad,Central,Unknown,Telangana,17.272808523038666,77.75633544948452
Wanaparthy_VallaDPP_D (Telangana),Wanaparthy,VallaDPP,Delivery,Telangana,16.2997328051796,77.98025455456859
Warangal_Central_D_2 (Telangana),Warangal,Central,Delivery,Telangana,17.96448066062287,79.6001447865732
Warangal_HunterRd_I (Telangana),Warangal,HunterRd,Intermediate,Telangana,17.98627198952665,79.58595970214148
Yellandu_Sudimala_D (Telangana),Yellandu,Sudimala,Delivery,Telangana,17.603301394278414,80.3298751951043
Yellareddy_JKRoad_D (Telangana),Yellareddy,JKRoad,Delivery,Telangana,18.200590015301085,78.03916412217824
Zahirabad_Mohim_D (Telangana),Zahirabad,Mohim,Delivery,Telangana,17.673631654444755,77.5941033622239
